{"cameraMode":{"drawMode":0,"name":"Shaded","section":"Shading Mode"},"sceneLighting":false,"audioPlay":false,"sceneViewState":{"m_AlwaysRefresh":false,"showFog":true,"showSkybox":false,"showFlares":true,"showImageEffects":true,"showParticleSystems":true,"showVisualEffectGraphs":true,"m_FxEnabled":true},"in2DMode":false,"pivot":{"x":-8.653118133544922,"y":0.30500030517578127,"z":-7.164736270904541},"rotation":{"x":0.028148822486400605,"y":0.666761577129364,"z":-0.7443267703056336,"w":0.02521727979183197},"size":33.078006744384769,"orthographic":false}