{"cameraMode":{"drawMode":0,"name":"Shaded","section":"Shading Mode"},"sceneLighting":false,"audioPlay":false,"sceneViewState":{"m_AlwaysRefresh":false,"showFog":true,"showSkybox":false,"showFlares":true,"showImageEffects":true,"showParticleSystems":true,"showVisualEffectGraphs":true,"m_FxEnabled":true},"in2DMode":false,"pivot":{"x":-0.7534323930740356,"y":-17.254676818847658,"z":18.31808090209961},"rotation":{"x":0.008467902429401875,"y":0.8635468482971191,"z":-0.5040097236633301,"w":0.01451029535382986},"size":40.73350143432617,"orthographic":false}