{"cameraMode":{"drawMode":0,"name":"Shaded","section":"Shading Mode"},"sceneLighting":false,"audioPlay":false,"sceneViewState":{"m_AlwaysRefresh":false,"showFog":true,"showSkybox":false,"showFlares":true,"showImageEffects":true,"showParticleSystems":true,"showVisualEffectGraphs":true,"m_FxEnabled":true},"in2DMode":false,"pivot":{"x":108.97398376464844,"y":-160.2106475830078,"z":57.756195068359378},"rotation":{"x":-0.13227516412734986,"y":0.8649802803993225,"z":-0.37729495763778689,"w":-0.30325213074684145},"size":119.58635711669922,"orthographic":false}